"layer","level","class","class_3","id","metric","value","plot_id","percentage_inside","escala_buffer"
1,"class",1,"cerrado antropico",NA,"ai",100,"LO_01_0000",122.215526757548,12.5
1,"class",1,"cerrado antropico",NA,"ca",0.06,"LO_01_0000",122.215526757548,12.5
1,"class",1,"cerrado antropico",NA,"cpland",37.5,"LO_01_0000",122.215526757548,12.5
1,"class",1,"cerrado antropico",NA,"ed",0,"LO_01_0000",122.215526757548,12.5
1,"class",1,"cerrado antropico",NA,"pland",100,"LO_01_0000",122.215526757548,12.5
1,"landscape",NA,NA,NA,"shdi",0,"LO_01_0000",122.215526757548,12.5
1,"landscape",NA,NA,NA,"ta",0.06,"LO_01_0000",122.215526757548,12.5
1,"class",1,"cerrado antropico",NA,"ai",100,"LO_01_0000",117.123208535636,25
1,"class",1,"cerrado antropico",NA,"ca",0.230000000008568,"LO_01_0000",117.123208535636,25
1,"class",1,"cerrado antropico",NA,"cpland",66.304347826087,"LO_01_0000",117.123208535636,25
1,"class",1,"cerrado antropico",NA,"ed",0,"LO_01_0000",117.123208535636,25
1,"class",1,"cerrado antropico",NA,"pland",100,"LO_01_0000",117.123208535636,25
1,"landscape",NA,NA,NA,"shdi",0,"LO_01_0000",117.123208535636,25
1,"landscape",NA,NA,NA,"ta",0.230000000008568,"LO_01_0000",117.123208535636,25
1,"class",1,"cerrado antropico",NA,"ai",99.6758508914101,"LO_01_0000",104.074155673114,50
1,"class",1,"cerrado antropico",NA,"ca",0.817500000015227,"LO_01_0000",104.074155673114,50
1,"class",1,"cerrado antropico",NA,"cpland",81.9571865443425,"LO_01_0000",104.074155673114,50
1,"class",1,"cerrado antropico",NA,"ed",0,"LO_01_0000",104.074155673114,50
1,"class",1,"cerrado antropico",NA,"pland",100,"LO_01_0000",104.074155673114,50
1,"landscape",NA,NA,NA,"shdi",0,"LO_01_0000",104.074155673114,50
1,"landscape",NA,NA,NA,"ta",0.817500000015227,"LO_01_0000",104.074155673114,50
1,"class",1,"cerrado antropico",NA,"ai",99.4991652754591,"LO_01_0000",73.2020060212039,100
1,"class",2,"uso humano",NA,"ai",97.1274685816876,"LO_01_0000",73.2020060212039,100
1,"class",1,"cerrado antropico",NA,"ca",1.56000000003321,"LO_01_0000",73.2020060212039,100
1,"class",2,"uso humano",NA,"ca",0.740000000015753,"LO_01_0000",73.2020060212039,100
1,"class",1,"cerrado antropico",NA,"cpland",58.0434782608696,"LO_01_0000",73.2020060212039,100
1,"class",2,"uso humano",NA,"cpland",24.0217391304348,"LO_01_0000",73.2020060212039,100
1,"class",1,"cerrado antropico",NA,"ed",89.1304347820997,"LO_01_0000",73.2020060212039,100
1,"class",2,"uso humano",NA,"ed",89.1304347820997,"LO_01_0000",73.2020060212039,100
1,"class",1,"cerrado antropico",NA,"pland",67.8260869565217,"LO_01_0000",73.2020060212039,100
1,"class",2,"uso humano",NA,"pland",32.1739130434783,"LO_01_0000",73.2020060212039,100
1,"landscape",NA,NA,NA,"shdi",0.628173421844777,"LO_01_0000",73.2020060212039,100
1,"landscape",NA,NA,NA,"ta",2.30000000004896,"LO_01_0000",73.2020060212039,100
1,"class",1,"cerrado antropico",NA,"ai",100,"LO_01_0200",127.307839802169,12.5
1,"class",1,"cerrado antropico",NA,"ca",0.0625,"LO_01_0200",127.307839802169,12.5
1,"class",1,"cerrado antropico",NA,"cpland",36,"LO_01_0200",127.307839802169,12.5
1,"class",1,"cerrado antropico",NA,"ed",0,"LO_01_0200",127.307839802169,12.5
1,"class",1,"cerrado antropico",NA,"pland",100,"LO_01_0200",127.307839802169,12.5
1,"landscape",NA,NA,NA,"shdi",0,"LO_01_0200",127.307839802169,12.5
1,"landscape",NA,NA,NA,"ta",0.0625,"LO_01_0200",127.307839802169,12.5
1,"class",1,"cerrado antropico",NA,"ai",100,"LO_01_0200",117.12321355239,25
1,"class",1,"cerrado antropico",NA,"ca",0.230000000008568,"LO_01_0200",117.12321355239,25
1,"class",1,"cerrado antropico",NA,"cpland",67.3913043478261,"LO_01_0200",117.12321355239,25
1,"class",1,"cerrado antropico",NA,"ed",0,"LO_01_0200",117.12321355239,25
1,"class",1,"cerrado antropico",NA,"pland",100,"LO_01_0200",117.12321355239,25
1,"landscape",NA,NA,NA,"shdi",0,"LO_01_0200",117.12321355239,25
1,"landscape",NA,NA,NA,"ta",0.230000000008568,"LO_01_0200",117.12321355239,25
1,"class",1,"cerrado antropico",NA,"ai",99.6055226824458,"LO_01_0200",85.9327941032886,50
1,"class",1,"cerrado antropico",NA,"ca",0.675000000016764,"LO_01_0200",85.9327941032886,50
1,"class",1,"cerrado antropico",NA,"cpland",79.2592592592593,"LO_01_0200",85.9327941032886,50
1,"class",1,"cerrado antropico",NA,"ed",0,"LO_01_0200",85.9327941032886,50
1,"class",1,"cerrado antropico",NA,"pland",100,"LO_01_0200",85.9327941032886,50
1,"landscape",NA,NA,NA,"shdi",0,"LO_01_0200",85.9327941032886,50
1,"landscape",NA,NA,NA,"ta",0.675000000016764,"LO_01_0200",85.9327941032886,50
1,"class",1,"cerrado antropico",NA,"ai",98.5130111524164,"LO_01_0200",68.1096959222156,100
1,"class",2,"uso humano",NA,"ai",96.9258589511754,"LO_01_0200",68.1096959222156,100
1,"class",1,"cerrado antropico",NA,"ca",1.40500000004187,"LO_01_0200",68.1096959222156,100
1,"class",2,"uso humano",NA,"ca",0.735000000021905,"LO_01_0200",68.1096959222156,100
1,"class",1,"cerrado antropico",NA,"cpland",54.088785046729,"LO_01_0200",68.1096959222156,100
1,"class",2,"uso humano",NA,"cpland",25.9345794392523,"LO_01_0200",68.1096959222156,100
1,"class",1,"cerrado antropico",NA,"ed",119.158878503489,"LO_01_0200",68.1096959222156,100
1,"class",2,"uso humano",NA,"ed",119.158878503489,"LO_01_0200",68.1096959222156,100
1,"class",1,"cerrado antropico",NA,"pland",65.6542056074766,"LO_01_0200",68.1096959222156,100
1,"class",2,"uso humano",NA,"pland",34.3457943925234,"LO_01_0200",68.1096959222156,100
1,"landscape",NA,NA,NA,"shdi",0.64330251254615,"LO_01_0200",68.1096959222156,100
1,"landscape",NA,NA,NA,"ta",2.14000000006378,"LO_01_0200",68.1096959222156,100
1,"class",2,"uso humano",NA,"ai",100,"LO_01_0400",127.307852553084,12.5
1,"class",2,"uso humano",NA,"ca",0.0625,"LO_01_0400",127.307852553084,12.5
1,"class",2,"uso humano",NA,"cpland",36,"LO_01_0400",127.307852553084,12.5
1,"class",2,"uso humano",NA,"ed",0,"LO_01_0400",127.307852553084,12.5
1,"class",2,"uso humano",NA,"pland",100,"LO_01_0400",127.307852553084,12.5
1,"landscape",NA,NA,NA,"shdi",0,"LO_01_0400",127.307852553084,12.5
1,"landscape",NA,NA,NA,"ta",0.0625,"LO_01_0400",127.307852553084,12.5
1,"class",1,"cerrado antropico",NA,"ai",100,"LO_01_0400",94.2078168817057,25
1,"class",2,"uso humano",NA,"ai",99.1596638655462,"LO_01_0400",94.2078168817057,25
1,"class",1,"cerrado antropico",NA,"ca",0.0150000000006985,"LO_01_0400",94.2078168817057,25
1,"class",2,"uso humano",NA,"ca",0.170000000007916,"LO_01_0400",94.2078168817057,25
1,"class",1,"cerrado antropico",NA,"cpland",0,"LO_01_0400",94.2078168817057,25
1,"class",2,"uso humano",NA,"cpland",55.4054054054054,"LO_01_0400",94.2078168817057,25
1,"class",1,"cerrado antropico",NA,"ed",135.135135132618,"LO_01_0400",94.2078168817057,25
1,"class",2,"uso humano",NA,"ed",135.135135132618,"LO_01_0400",94.2078168817057,25
1,"class",1,"cerrado antropico",NA,"pland",8.10810810810811,"LO_01_0400",94.2078168817057,25
1,"class",2,"uso humano",NA,"pland",91.8918918918919,"LO_01_0400",94.2078168817057,25
1,"landscape",NA,NA,NA,"shdi",0.281401839591419,"LO_01_0400",94.2078168817057,25
1,"landscape",NA,NA,NA,"ta",0.185000000008615,"LO_01_0400",94.2078168817057,25
1,"class",1,"cerrado antropico",NA,"ai",93.1034482758621,"LO_01_0400",72.2472102207552,50
1,"class",2,"uso humano",NA,"ai",98.9664082687339,"LO_01_0400",72.2472102207552,50
1,"class",1,"cerrado antropico",NA,"ca",0.0475000000013612,"LO_01_0400",72.2472102207552,50
1,"class",2,"uso humano",NA,"ca",0.520000000014901,"LO_01_0400",72.2472102207552,50
1,"class",1,"cerrado antropico",NA,"cpland",0.881057268722467,"LO_01_0400",72.2472102207552,50
1,"class",2,"uso humano",NA,"cpland",69.6035242290749,"LO_01_0400",72.2472102207552,50
1,"class",1,"cerrado antropico",NA,"ed",96.9162995587139,"LO_01_0400",72.2472102207552,50
1,"class",2,"uso humano",NA,"ed",96.9162995587139,"LO_01_0400",72.2472102207552,50
1,"class",1,"cerrado antropico",NA,"pland",8.37004405286344,"LO_01_0400",72.2472102207552,50
1,"class",2,"uso humano",NA,"pland",91.6299559471366,"LO_01_0400",72.2472102207552,50
1,"landscape",NA,NA,NA,"shdi",0.287715386723532,"LO_01_0400",72.2472102207552,50
1,"landscape",NA,NA,NA,"ta",0.567500000016262,"LO_01_0400",72.2472102207552,50
1,"class",1,"cerrado antropico",NA,"ai",86.1471861471861,"LO_01_0400",60.9486375780275,100
1,"class",2,"uso humano",NA,"ai",98.8590057049715,"LO_01_0400",60.9486375780275,100
1,"class",1,"cerrado antropico",NA,"ca",0.317500000010285,"LO_01_0400",60.9486375780275,100
1,"class",2,"uso humano",NA,"ca",1.59750000005175,"LO_01_0400",60.9486375780275,100
1,"class",1,"cerrado antropico",NA,"cpland",6.00522193211488,"LO_01_0400",60.9486375780275,100
1,"class",2,"uso humano",NA,"cpland",70.6266318537859,"LO_01_0400",60.9486375780275,100
1,"class",1,"cerrado antropico",NA,"ed",148.825065272544,"LO_01_0400",60.9486375780275,100
1,"class",2,"uso humano",NA,"ed",148.825065272544,"LO_01_0400",60.9486375780275,100
1,"class",1,"cerrado antropico",NA,"pland",16.579634464752,"LO_01_0400",60.9486375780275,100
1,"class",2,"uso humano",NA,"pland",83.420365535248,"LO_01_0400",60.9486375780275,100
1,"landscape",NA,NA,NA,"shdi",0.449157748947529,"LO_01_0400",60.9486375780275,100
1,"landscape",NA,NA,NA,"ta",1.91500000006203,"LO_01_0400",60.9486375780275,100
1,"class",1,"cerrado antropico",NA,"ai",100,"LO_01_0600",127.307878264857,12.5
1,"class",2,"uso humano",NA,"ai",93.3333333333333,"LO_01_0600",127.307878264857,12.5
1,"class",1,"cerrado antropico",NA,"ca",0.035,"LO_01_0600",127.307878264857,12.5
1,"class",2,"uso humano",NA,"ca",0.0275,"LO_01_0600",127.307878264857,12.5
1,"class",1,"cerrado antropico",NA,"cpland",12,"LO_01_0600",127.307878264857,12.5
1,"class",2,"uso humano",NA,"cpland",0,"LO_01_0600",127.307878264857,12.5
1,"class",1,"cerrado antropico",NA,"ed",480,"LO_01_0600",127.307878264857,12.5
1,"class",2,"uso humano",NA,"ed",480,"LO_01_0600",127.307878264857,12.5
1,"class",1,"cerrado antropico",NA,"pland",56,"LO_01_0600",127.307878264857,12.5
1,"class",2,"uso humano",NA,"pland",44,"LO_01_0600",127.307878264857,12.5
1,"landscape",NA,NA,NA,"shdi",0.685929800252373,"LO_01_0600",127.307878264857,12.5
1,"landscape",NA,NA,NA,"ta",0.0625,"LO_01_0600",127.307878264857,12.5
1,"class",1,"cerrado antropico",NA,"ai",97.0149253731343,"LO_01_0600",117.123243973816,25
1,"class",2,"uso humano",NA,"ai",96.6292134831461,"LO_01_0600",117.123243973816,25
1,"class",1,"cerrado antropico",NA,"ca",0.100000000003725,"LO_01_0600",117.123243973816,25
1,"class",2,"uso humano",NA,"ca",0.130000000004843,"LO_01_0600",117.123243973816,25
1,"class",1,"cerrado antropico",NA,"cpland",20.6521739130435,"LO_01_0600",117.123243973816,25
1,"class",2,"uso humano",NA,"cpland",29.3478260869565,"LO_01_0600",117.123243973816,25
1,"class",1,"cerrado antropico",NA,"ed",282.608695648934,"LO_01_0600",117.123243973816,25
1,"class",2,"uso humano",NA,"ed",282.608695648934,"LO_01_0600",117.123243973816,25
1,"class",1,"cerrado antropico",NA,"pland",43.4782608695652,"LO_01_0600",117.123243973816,25
1,"class",2,"uso humano",NA,"pland",56.5217391304348,"LO_01_0600",117.123243973816,25
1,"landscape",NA,NA,NA,"shdi",0.684616277801305,"LO_01_0600",117.123243973816,25
1,"landscape",NA,NA,NA,"ta",0.230000000008568,"LO_01_0600",117.123243973816,25
1,"class",1,"cerrado antropico",NA,"ai",94.8863636363636,"LO_01_0600",93.571280929621,50
1,"class",2,"uso humano",NA,"ai",97.2527472527473,"LO_01_0600",93.571280929621,50
1,"class",1,"cerrado antropico",NA,"ca",0.245000000005369,"LO_01_0600",93.571280929621,50
1,"class",2,"uso humano",NA,"ca",0.490000000010738,"LO_01_0600",93.571280929621,50
1,"class",1,"cerrado antropico",NA,"cpland",18.7074829931973,"LO_01_0600",93.571280929621,50
1,"class",2,"uso humano",NA,"cpland",48.6394557823129,"LO_01_0600",93.571280929621,50
1,"class",1,"cerrado antropico",NA,"ed",204.08163265172,"LO_01_0600",93.571280929621,50
1,"class",2,"uso humano",NA,"ed",204.08163265172,"LO_01_0600",93.571280929621,50
1,"class",1,"cerrado antropico",NA,"pland",33.3333333333333,"LO_01_0600",93.571280929621,50
1,"class",2,"uso humano",NA,"pland",66.6666666666667,"LO_01_0600",93.571280929621,50
1,"landscape",NA,NA,NA,"shdi",0.636514168294813,"LO_01_0600",93.571280929621,50
1,"landscape",NA,NA,NA,"ta",0.735000000016106,"LO_01_0600",93.571280929621,50
1,"class",1,"cerrado antropico",NA,"ai",93.4959349593496,"LO_01_0600",71.371972922837,100
1,"class",2,"uso humano",NA,"ai",98.841961852861,"LO_01_0600",71.371972922837,100
1,"class",1,"cerrado antropico",NA,"ca",0.337500000009313,"LO_01_0600",71.371972922837,100
1,"class",2,"uso humano",NA,"ca",1.90500000005257,"LO_01_0600",71.371972922837,100
1,"class",1,"cerrado antropico",NA,"cpland",7.80379041248606,"LO_01_0600",71.371972922837,100
1,"class",2,"uso humano",NA,"cpland",72.7982162764771,"LO_01_0600",71.371972922837,100
1,"class",1,"cerrado antropico",NA,"ed",104.793756966747,"LO_01_0600",71.371972922837,100
1,"class",2,"uso humano",NA,"ed",104.793756966747,"LO_01_0600",71.371972922837,100
1,"class",1,"cerrado antropico",NA,"pland",15.0501672240803,"LO_01_0600",71.371972922837,100
1,"class",2,"uso humano",NA,"pland",84.9498327759197,"LO_01_0600",71.371972922837,100
1,"landscape",NA,NA,NA,"shdi",0.423578302947968,"LO_01_0600",71.371972922837,100
1,"landscape",NA,NA,NA,"ta",2.24250000006188,"LO_01_0600",71.371972922837,100
1,"class",2,"uso humano",NA,"ai",100,"LO_03_0000",71.2923735307684,12.5
1,"class",2,"uso humano",NA,"ca",0.035,"LO_03_0000",71.2923735307684,12.5
1,"class",2,"uso humano",NA,"cpland",21.4285714285714,"LO_03_0000",71.2923735307684,12.5
1,"class",2,"uso humano",NA,"ed",0,"LO_03_0000",71.2923735307684,12.5
1,"class",2,"uso humano",NA,"pland",100,"LO_03_0000",71.2923735307684,12.5
1,"landscape",NA,NA,NA,"shdi",0,"LO_03_0000",71.2923735307684,12.5
1,"landscape",NA,NA,NA,"ta",0.035,"LO_03_0000",71.2923735307684,12.5
1,"class",2,"uso humano",NA,"ai",98.876404494382,"LO_03_0000",66.2000705426084,25
1,"class",2,"uso humano",NA,"ca",0.130000000004843,"LO_03_0000",66.2000705426084,25
1,"class",2,"uso humano",NA,"cpland",53.8461538461538,"LO_03_0000",66.2000705426084,25
1,"class",2,"uso humano",NA,"ed",0,"LO_03_0000",66.2000705426084,25
1,"class",2,"uso humano",NA,"pland",100,"LO_03_0000",66.2000705426084,25
1,"landscape",NA,NA,NA,"shdi",0,"LO_03_0000",66.2000705426084,25
1,"landscape",NA,NA,NA,"ta",0.130000000004843,"LO_03_0000",66.2000705426084,25
1,"class",2,"uso humano",NA,"ai",98.8235294117647,"LO_03_0000",58.5616034077836,50
1,"class",2,"uso humano",NA,"ca",0.460000000008568,"LO_03_0000",58.5616034077836,50
1,"class",2,"uso humano",NA,"cpland",73.9130434782609,"LO_03_0000",58.5616034077836,50
1,"class",2,"uso humano",NA,"ed",0,"LO_03_0000",58.5616034077836,50
1,"class",2,"uso humano",NA,"pland",100,"LO_03_0000",58.5616034077836,50
1,"landscape",NA,NA,NA,"shdi",0,"LO_03_0000",58.5616034077836,50
1,"landscape",NA,NA,NA,"ta",0.460000000008568,"LO_03_0000",58.5616034077836,50
1,"class",2,"uso humano",NA,"ai",99.160945842868,"LO_03_0000",54.2649635004038,100
1,"class",2,"uso humano",NA,"ca",1.70500000004764,"LO_03_0000",54.2649635004038,100
1,"class",2,"uso humano",NA,"cpland",85.9237536656891,"LO_03_0000",54.2649635004038,100
1,"class",2,"uso humano",NA,"ed",0,"LO_03_0000",54.2649635004038,100
1,"class",2,"uso humano",NA,"pland",100,"LO_03_0000",54.2649635004038,100
1,"landscape",NA,NA,NA,"shdi",0,"LO_03_0000",54.2649635004038,100
1,"landscape",NA,NA,NA,"ta",1.70500000004764,"LO_03_0000",54.2649635004038,100
1,"class",2,"uso humano",NA,"ai",100,"LO_03_0200",127.307817038785,12.5
1,"class",2,"uso humano",NA,"ca",0.0625,"LO_03_0200",127.307817038785,12.5
1,"class",2,"uso humano",NA,"cpland",36,"LO_03_0200",127.307817038785,12.5
1,"class",2,"uso humano",NA,"ed",0,"LO_03_0200",127.307817038785,12.5
1,"class",2,"uso humano",NA,"pland",100,"LO_03_0200",127.307817038785,12.5
1,"landscape",NA,NA,NA,"shdi",0,"LO_03_0200",127.307817038785,12.5
1,"landscape",NA,NA,NA,"ta",0.0625,"LO_03_0200",127.307817038785,12.5
1,"class",2,"uso humano",NA,"ai",100,"LO_03_0200",117.123212301302,25
1,"class",2,"uso humano",NA,"ca",0.230000000008568,"LO_03_0200",117.123212301302,25
1,"class",2,"uso humano",NA,"cpland",67.3913043478261,"LO_03_0200",117.123212301302,25
1,"class",2,"uso humano",NA,"ed",0,"LO_03_0200",117.123212301302,25
1,"class",2,"uso humano",NA,"pland",100,"LO_03_0200",117.123212301302,25
1,"landscape",NA,NA,NA,"shdi",0,"LO_03_0200",117.123212301302,25
1,"landscape",NA,NA,NA,"ta",0.230000000008568,"LO_03_0200",117.123212301302,25
1,"class",2,"uso humano",NA,"ai",99.6932515337423,"LO_03_0200",109.803013715381,50
1,"class",2,"uso humano",NA,"ca",0.862500000016065,"LO_03_0200",109.803013715381,50
1,"class",2,"uso humano",NA,"cpland",83.1884057971015,"LO_03_0200",109.803013715381,50
1,"class",2,"uso humano",NA,"ed",0,"LO_03_0200",109.803013715381,50
1,"class",2,"uso humano",NA,"pland",100,"LO_03_0200",109.803013715381,50
1,"landscape",NA,NA,NA,"shdi",0,"LO_03_0200",109.803013715381,50
1,"landscape",NA,NA,NA,"ta",0.862500000016065,"LO_03_0200",109.803013715381,50
1,"class",2,"uso humano",NA,"ai",99.7273081417998,"LO_03_0200",105.028970793631,100
1,"class",2,"uso humano",NA,"ca",3.3000000000922,"LO_03_0200",105.028970793631,100
1,"class",2,"uso humano",NA,"cpland",91.2878787878788,"LO_03_0200",105.028970793631,100
1,"class",2,"uso humano",NA,"ed",0,"LO_03_0200",105.028970793631,100
1,"class",2,"uso humano",NA,"pland",100,"LO_03_0200",105.028970793631,100
1,"landscape",NA,NA,NA,"shdi",0,"LO_03_0200",105.028970793631,100
1,"landscape",NA,NA,NA,"ta",3.3000000000922,"LO_03_0200",105.028970793631,100
1,"class",2,"uso humano",NA,"ai",100,"LO_03_0400",127.307866893351,12.5
1,"class",2,"uso humano",NA,"ca",0.0625,"LO_03_0400",127.307866893351,12.5
1,"class",2,"uso humano",NA,"cpland",36,"LO_03_0400",127.307866893351,12.5
1,"class",2,"uso humano",NA,"ed",0,"LO_03_0400",127.307866893351,12.5
1,"class",2,"uso humano",NA,"pland",100,"LO_03_0400",127.307866893351,12.5
1,"landscape",NA,NA,NA,"shdi",0,"LO_03_0400",127.307866893351,12.5
1,"landscape",NA,NA,NA,"ta",0.0625,"LO_03_0400",127.307866893351,12.5
1,"class",1,"cerrado antropico",NA,"ai",60,"LO_03_0400",115.85014962488,25
1,"class",2,"uso humano",NA,"ai",100,"LO_03_0400",115.85014962488,25
1,"class",1,"cerrado antropico",NA,"ca",0.0200000000007451,"LO_03_0400",115.85014962488,25
1,"class",2,"uso humano",NA,"ca",0.20750000000773,"LO_03_0400",115.85014962488,25
1,"class",1,"cerrado antropico",NA,"cpland",0,"LO_03_0400",115.85014962488,25
1,"class",2,"uso humano",NA,"cpland",58.2417582417582,"LO_03_0400",115.85014962488,25
1,"class",1,"cerrado antropico",NA,"ed",197.802197801379,"LO_03_0400",115.85014962488,25
1,"class",2,"uso humano",NA,"ed",197.802197801379,"LO_03_0400",115.85014962488,25
1,"class",1,"cerrado antropico",NA,"pland",8.79120879120879,"LO_03_0400",115.85014962488,25
1,"class",2,"uso humano",NA,"pland",91.2087912087912,"LO_03_0400",115.85014962488,25
1,"landscape",NA,NA,NA,"shdi",0.297680355082165,"LO_03_0400",115.85014962488,25
1,"landscape",NA,NA,NA,"ta",0.227500000008475,"LO_03_0400",115.85014962488,25
1,"class",1,"cerrado antropico",NA,"ai",94.6428571428571,"LO_03_0400",109.803023393928,50
1,"class",2,"uso humano",NA,"ai",98.936170212766,"LO_03_0400",109.803023393928,50
1,"class",1,"cerrado antropico",NA,"ca",0.235000000004377,"LO_03_0400",109.803023393928,50
1,"class",2,"uso humano",NA,"ca",0.627500000011688,"LO_03_0400",109.803023393928,50
1,"class",1,"cerrado antropico",NA,"cpland",16.231884057971,"LO_03_0400",109.803023393928,50
1,"class",2,"uso humano",NA,"cpland",56.5217391304348,"LO_03_0400",109.803023393928,50
1,"class",1,"cerrado antropico",NA,"ed",150.724637680512,"LO_03_0400",109.803023393928,50
1,"class",2,"uso humano",NA,"ed",150.724637680512,"LO_03_0400",109.803023393928,50
1,"class",1,"cerrado antropico",NA,"pland",27.2463768115942,"LO_03_0400",109.803023393928,50
1,"class",2,"uso humano",NA,"pland",72.7536231884058,"LO_03_0400",109.803023393928,50
1,"landscape",NA,NA,NA,"shdi",0.585693990203945,"LO_03_0400",109.803023393928,50
1,"landscape",NA,NA,NA,"ta",0.862500000016065,"LO_03_0400",109.803023393928,50
1,"class",1,"cerrado antropico",NA,"ai",96.2906888720666,"LO_03_0400",105.188115514819,100
1,"class",2,"uso humano",NA,"ai",97.949138638228,"LO_03_0400",105.188115514819,100
1,"class",1,"cerrado antropico",NA,"ca",1.71750000004799,"LO_03_0400",105.188115514819,100
1,"class",2,"uso humano",NA,"ca",1.58750000004435,"LO_03_0400",105.188115514819,100
1,"class",1,"cerrado antropico",NA,"cpland",41.8305597579425,"LO_03_0400",105.188115514819,100
1,"class",2,"uso humano",NA,"cpland",40.4689863842663,"LO_03_0400",105.188115514819,100
1,"class",1,"cerrado antropico",NA,"ed",148.260211798654,"LO_03_0400",105.188115514819,100
1,"class",2,"uso humano",NA,"ed",148.260211798654,"LO_03_0400",105.188115514819,100
1,"class",1,"cerrado antropico",NA,"pland",51.9667170953101,"LO_03_0400",105.188115514819,100
1,"class",2,"uso humano",NA,"pland",48.0332829046899,"LO_03_0400",105.188115514819,100
1,"landscape",NA,NA,NA,"shdi",0.692373385726599,"LO_03_0400",105.188115514819,100
1,"landscape",NA,NA,NA,"ta",3.30500000009234,"LO_03_0400",105.188115514819,100
1,"class",1,"cerrado antropico",NA,"ai",90.9090909090909,"LO_03_0600",122.215548327504,12.5
1,"class",2,"uso humano",NA,"ai",100,"LO_03_0600",122.215548327504,12.5
1,"class",1,"cerrado antropico",NA,"ca",0.0375,"LO_03_0600",122.215548327504,12.5
1,"class",2,"uso humano",NA,"ca",0.0225,"LO_03_0600",122.215548327504,12.5
1,"class",1,"cerrado antropico",NA,"cpland",4.16666666666667,"LO_03_0600",122.215548327504,12.5
1,"class",2,"uso humano",NA,"cpland",4.16666666666667,"LO_03_0600",122.215548327504,12.5
1,"class",1,"cerrado antropico",NA,"ed",500,"LO_03_0600",122.215548327504,12.5
1,"class",2,"uso humano",NA,"ed",500,"LO_03_0600",122.215548327504,12.5
1,"class",1,"cerrado antropico",NA,"pland",62.5,"LO_03_0600",122.215548327504,12.5
1,"class",2,"uso humano",NA,"pland",37.5,"LO_03_0600",122.215548327504,12.5
1,"landscape",NA,NA,NA,"shdi",0.661563238157982,"LO_03_0600",122.215548327504,12.5
1,"landscape",NA,NA,NA,"ta",0.06,"LO_03_0600",122.215548327504,12.5
1,"class",1,"cerrado antropico",NA,"ai",95.1923076923077,"LO_03_0600",117.123238657817,25
1,"class",2,"uso humano",NA,"ai",100,"LO_03_0600",117.123238657817,25
1,"class",1,"cerrado antropico",NA,"ca",0.150000000005588,"LO_03_0600",117.123238657817,25
1,"class",2,"uso humano",NA,"ca",0.0800000000029802,"LO_03_0600",117.123238657817,25
1,"class",1,"cerrado antropico",NA,"cpland",30.4347826086956,"LO_03_0600",117.123238657817,25
1,"class",2,"uso humano",NA,"cpland",16.304347826087,"LO_03_0600",117.123238657817,25
1,"class",1,"cerrado antropico",NA,"ed",282.608695647315,"LO_03_0600",117.123238657817,25
1,"class",2,"uso humano",NA,"ed",282.608695647315,"LO_03_0600",117.123238657817,25
1,"class",1,"cerrado antropico",NA,"pland",65.2173913043478,"LO_03_0600",117.123238657817,25
1,"class",2,"uso humano",NA,"pland",34.7826086956522,"LO_03_0600",117.123238657817,25
1,"landscape",NA,NA,NA,"shdi",0.646090505060809,"LO_03_0600",117.123238657817,25
1,"landscape",NA,NA,NA,"ta",0.230000000008568,"LO_03_0600",117.123238657817,25
1,"class",1,"cerrado antropico",NA,"ai",98.0582524271845,"LO_03_0600",110.757844284232,50
1,"class",2,"uso humano",NA,"ai",95.6709956709957,"LO_03_0600",110.757844284232,50
1,"class",1,"cerrado antropico",NA,"ca",0.552500000010291,"LO_03_0600",110.757844284232,50
1,"class",2,"uso humano",NA,"ca",0.317500000005914,"LO_03_0600",110.757844284232,50
1,"class",1,"cerrado antropico",NA,"cpland",46.551724137931,"LO_03_0600",110.757844284232,50
1,"class",2,"uso humano",NA,"cpland",22.1264367816092,"LO_03_0600",110.757844284232,50
1,"class",1,"cerrado antropico",NA,"ed",178.160919539159,"LO_03_0600",110.757844284232,50
1,"class",2,"uso humano",NA,"ed",178.160919539159,"LO_03_0600",110.757844284232,50
1,"class",1,"cerrado antropico",NA,"pland",63.5057471264368,"LO_03_0600",110.757844284232,50
1,"class",2,"uso humano",NA,"pland",36.4942528735632,"LO_03_0600",110.757844284232,50
1,"landscape",NA,NA,NA,"shdi",0.656209040074289,"LO_03_0600",110.757844284232,50
1,"landscape",NA,NA,NA,"ta",0.870000000016205,"LO_03_0600",110.757844284232,50
1,"class",1,"cerrado antropico",NA,"ai",97.4598930481284,"LO_03_0600",105.506394231307,100
1,"class",2,"uso humano",NA,"ai",97.340930674264,"LO_03_0600",105.506394231307,100
1,"class",1,"cerrado antropico",NA,"ca",1.9400000000542,"LO_03_0600",105.506394231307,100
1,"class",2,"uso humano",NA,"ca",1.37500000003842,"LO_03_0600",105.506394231307,100
1,"class",1,"cerrado antropico",NA,"cpland",48.5671191553544,"LO_03_0600",105.506394231307,100
1,"class",2,"uso humano",NA,"cpland",33.1070889894419,"LO_03_0600",105.506394231307,100
1,"class",1,"cerrado antropico",NA,"ed",134.238310707298,"LO_03_0600",105.506394231307,100
1,"class",2,"uso humano",NA,"ed",134.238310707298,"LO_03_0600",105.506394231307,100
1,"class",1,"cerrado antropico",NA,"pland",58.5218702865762,"LO_03_0600",105.506394231307,100
1,"class",2,"uso humano",NA,"pland",41.4781297134238,"LO_03_0600",105.506394231307,100
1,"landscape",NA,NA,NA,"shdi",0.678551575959411,"LO_03_0600",105.506394231307,100
1,"landscape",NA,NA,NA,"ta",3.31500000009262,"LO_03_0600",105.506394231307,100
1,"class",2,"uso humano",NA,"ai",100,"LO_05_0000",127.307856661425,12.5
1,"class",2,"uso humano",NA,"ca",0.0625,"LO_05_0000",127.307856661425,12.5
1,"class",2,"uso humano",NA,"cpland",36,"LO_05_0000",127.307856661425,12.5
1,"class",2,"uso humano",NA,"ed",0,"LO_05_0000",127.307856661425,12.5
1,"class",2,"uso humano",NA,"pland",100,"LO_05_0000",127.307856661425,12.5
1,"landscape",NA,NA,NA,"shdi",0,"LO_05_0000",127.307856661425,12.5
1,"landscape",NA,NA,NA,"ta",0.0625,"LO_05_0000",127.307856661425,12.5
1,"class",2,"uso humano",NA,"ai",100,"LO_05_0000",117.123206884893,25
1,"class",2,"uso humano",NA,"ca",0.230000000008568,"LO_05_0000",117.123206884893,25
1,"class",2,"uso humano",NA,"cpland",67.3913043478261,"LO_05_0000",117.123206884893,25
1,"class",2,"uso humano",NA,"ed",0,"LO_05_0000",117.123206884893,25
1,"class",2,"uso humano",NA,"pland",100,"LO_05_0000",117.123206884893,25
1,"landscape",NA,NA,NA,"shdi",0,"LO_05_0000",117.123206884893,25
1,"landscape",NA,NA,NA,"ta",0.230000000008568,"LO_05_0000",117.123206884893,25
1,"class",2,"uso humano",NA,"ai",99.4252873563218,"LO_05_0000",88.478942498896,50
1,"class",2,"uso humano",NA,"ca",0.695000000012945,"LO_05_0000",88.478942498896,50
1,"class",2,"uso humano",NA,"cpland",79.8561151079137,"LO_05_0000",88.478942498896,50
1,"class",2,"uso humano",NA,"ed",0,"LO_05_0000",88.478942498896,50
1,"class",2,"uso humano",NA,"pland",100,"LO_05_0000",88.478942498896,50
1,"landscape",NA,NA,NA,"shdi",0,"LO_05_0000",88.478942498896,50
1,"landscape",NA,NA,NA,"ta",0.695000000012945,"LO_05_0000",88.478942498896,50
1,"class",0,"campo sujo",NA,"ai",93.8775510204082,"LO_05_0000",69.1440659450125,100
1,"class",2,"uso humano",NA,"ai",99.2592592592593,"LO_05_0000",69.1440659450125,100
1,"class",0,"campo sujo",NA,"ca",0.0750000000020955,"LO_05_0000",69.1440659450125,100
1,"class",2,"uso humano",NA,"ca",2.0975000000586,"LO_05_0000",69.1440659450125,100
1,"class",0,"campo sujo",NA,"cpland",1.03567318757192,"LO_05_0000",69.1440659450125,100
1,"class",2,"uso humano",NA,"cpland",84.5799769850403,"LO_05_0000",69.1440659450125,100
1,"class",0,"campo sujo",NA,"ed",34.5224395854092,"LO_05_0000",69.1440659450125,100
1,"class",2,"uso humano",NA,"ed",34.5224395854092,"LO_05_0000",69.1440659450125,100
1,"class",0,"campo sujo",NA,"pland",3.45224395857307,"LO_05_0000",69.1440659450125,100
1,"class",2,"uso humano",NA,"pland",96.5477560414269,"LO_05_0000",69.1440659450125,100
1,"landscape",NA,NA,NA,"shdi",0.150127125063032,"LO_05_0000",69.1440659450125,100
1,"landscape",NA,NA,NA,"ta",2.1725000000607,"LO_05_0000",69.1440659450125,100
1,"class",2,"uso humano",NA,"ai",100,"LO_05_0200",122.215557770285,12.5
1,"class",2,"uso humano",NA,"ca",0.06,"LO_05_0200",122.215557770285,12.5
1,"class",2,"uso humano",NA,"cpland",37.5,"LO_05_0200",122.215557770285,12.5
1,"class",2,"uso humano",NA,"ed",0,"LO_05_0200",122.215557770285,12.5
1,"class",2,"uso humano",NA,"pland",100,"LO_05_0200",122.215557770285,12.5
1,"landscape",NA,NA,NA,"shdi",0,"LO_05_0200",122.215557770285,12.5
1,"landscape",NA,NA,NA,"ta",0.06,"LO_05_0200",122.215557770285,12.5
1,"class",2,"uso humano",NA,"ai",100,"LO_05_0200",117.123218156147,25
1,"class",2,"uso humano",NA,"ca",0.230000000008568,"LO_05_0200",117.123218156147,25
1,"class",2,"uso humano",NA,"cpland",67.3913043478261,"LO_05_0200",117.123218156147,25
1,"class",2,"uso humano",NA,"ed",0,"LO_05_0200",117.123218156147,25
1,"class",2,"uso humano",NA,"pland",100,"LO_05_0200",117.123218156147,25
1,"landscape",NA,NA,NA,"shdi",0,"LO_05_0200",117.123218156147,25
1,"landscape",NA,NA,NA,"ta",0.230000000008568,"LO_05_0200",117.123218156147,25
1,"class",2,"uso humano",NA,"ai",99.6960486322188,"LO_05_0200",110.757823323236,50
1,"class",2,"uso humano",NA,"ca",0.870000000016205,"LO_05_0200",110.757823323236,50
1,"class",2,"uso humano",NA,"cpland",82.7586206896552,"LO_05_0200",110.757823323236,50
1,"class",2,"uso humano",NA,"ed",0,"LO_05_0200",110.757823323236,50
1,"class",2,"uso humano",NA,"pland",100,"LO_05_0200",110.757823323236,50
1,"landscape",NA,NA,NA,"shdi",0,"LO_05_0200",110.757823323236,50
1,"landscape",NA,NA,NA,"ta",0.870000000016205,"LO_05_0200",110.757823323236,50
1,"class",1,"cerrado antropico",NA,"ai",47.0588235294118,"LO_05_0200",105.506376175096,100
1,"class",2,"uso humano",NA,"ai",99.7260273972603,"LO_05_0200",105.506376175096,100
1,"class",1,"cerrado antropico",NA,"ca",0.0300000000008382,"LO_05_0200",105.506376175096,100
1,"class",2,"uso humano",NA,"ca",3.28500000009178,"LO_05_0200",105.506376175096,100
1,"class",1,"cerrado antropico",NA,"cpland",0,"LO_05_0200",105.506376175096,100
1,"class",2,"uso humano",NA,"cpland",90.2714932126697,"LO_05_0200",105.506376175096,100
1,"class",1,"cerrado antropico",NA,"ed",24.1327300147037,"LO_05_0200",105.506376175096,100
1,"class",2,"uso humano",NA,"ed",24.1327300147037,"LO_05_0200",105.506376175096,100
1,"class",1,"cerrado antropico",NA,"pland",0.904977375565611,"LO_05_0200",105.506376175096,100
1,"class",2,"uso humano",NA,"pland",99.0950226244344,"LO_05_0200",105.506376175096,100
1,"landscape",NA,NA,NA,"shdi",0.0515880264456552,"LO_05_0200",105.506376175096,100
1,"landscape",NA,NA,NA,"ta",3.31500000009262,"LO_05_0200",105.506376175096,100
1,"class",1,"cerrado antropico",NA,"ai",100,"LO_05_0400",122.215527784904,12.5
1,"class",1,"cerrado antropico",NA,"ca",0.06,"LO_05_0400",122.215527784904,12.5
1,"class",1,"cerrado antropico",NA,"cpland",37.5,"LO_05_0400",122.215527784904,12.5
1,"class",1,"cerrado antropico",NA,"ed",0,"LO_05_0400",122.215527784904,12.5
1,"class",1,"cerrado antropico",NA,"pland",100,"LO_05_0400",122.215527784904,12.5
1,"landscape",NA,NA,NA,"shdi",0,"LO_05_0400",122.215527784904,12.5
1,"landscape",NA,NA,NA,"ta",0.06,"LO_05_0400",122.215527784904,12.5
1,"class",1,"cerrado antropico",NA,"ai",100,"LO_05_0400",117.123221558679,25
1,"class",1,"cerrado antropico",NA,"ca",0.230000000008568,"LO_05_0400",117.123221558679,25
1,"class",1,"cerrado antropico",NA,"cpland",67.3913043478261,"LO_05_0400",117.123221558679,25
1,"class",1,"cerrado antropico",NA,"ed",0,"LO_05_0400",117.123221558679,25
1,"class",1,"cerrado antropico",NA,"pland",100,"LO_05_0400",117.123221558679,25
1,"landscape",NA,NA,NA,"shdi",0,"LO_05_0400",117.123221558679,25
1,"landscape",NA,NA,NA,"ta",0.230000000008568,"LO_05_0400",117.123221558679,25
1,"class",1,"cerrado antropico",NA,"ai",99.6932515337423,"LO_05_0400",110.757834269047,50
1,"class",2,"uso humano",NA,"ai",0,"LO_05_0400",110.757834269047,50
1,"class",1,"cerrado antropico",NA,"ca",0.862500000016065,"LO_05_0400",110.757834269047,50
1,"class",2,"uso humano",NA,"ca",0.0075000000001397,"LO_05_0400",110.757834269047,50
1,"class",1,"cerrado antropico",NA,"cpland",82.183908045977,"LO_05_0400",110.757834269047,50
1,"class",2,"uso humano",NA,"cpland",0,"LO_05_0400",110.757834269047,50
1,"class",1,"cerrado antropico",NA,"ed",34.4827586203685,"LO_05_0400",110.757834269047,50
1,"class",2,"uso humano",NA,"ed",34.4827586203685,"LO_05_0400",110.757834269047,50
1,"class",1,"cerrado antropico",NA,"pland",99.1379310344827,"LO_05_0400",110.757834269047,50
1,"class",2,"uso humano",NA,"pland",0.862068965517241,"LO_05_0400",110.757834269047,50
1,"landscape",NA,NA,NA,"shdi",0.0495626500565909,"LO_05_0400",110.757834269047,50
1,"landscape",NA,NA,NA,"ta",0.870000000016205,"LO_05_0400",110.757834269047,50
1,"class",1,"cerrado antropico",NA,"ai",99.4202898550725,"LO_05_0400",105.665518773894,100
1,"class",2,"uso humano",NA,"ai",96.5092402464066,"LO_05_0400",105.665518773894,100
1,"class",1,"cerrado antropico",NA,"ca",2.6700000000746,"LO_05_0400",105.665518773894,100
1,"class",2,"uso humano",NA,"ca",0.650000000018161,"LO_05_0400",105.665518773894,100
1,"class",1,"cerrado antropico",NA,"cpland",72.5150602409638,"LO_05_0400",105.665518773894,100
1,"class",2,"uso humano",NA,"cpland",14.6084337349398,"LO_05_0400",105.665518773894,100
1,"class",1,"cerrado antropico",NA,"ed",72.2891566252858,"LO_05_0400",105.665518773894,100
1,"class",2,"uso humano",NA,"ed",72.2891566252858,"LO_05_0400",105.665518773894,100
1,"class",1,"cerrado antropico",NA,"pland",80.421686746988,"LO_05_0400",105.665518773894,100
1,"class",2,"uso humano",NA,"pland",19.578313253012,"LO_05_0400",105.665518773894,100
1,"landscape",NA,NA,NA,"shdi",0.494500738988527,"LO_05_0400",105.665518773894,100
1,"landscape",NA,NA,NA,"ta",3.32000000009276,"LO_05_0400",105.665518773894,100
1,"class",0,"campo sujo",NA,"ai",100,"LO_07_0100",127.307841939588,12.5
1,"class",2,"uso humano",NA,"ai",100,"LO_07_0100",127.307841939588,12.5
1,"class",0,"campo sujo",NA,"ca",0.055,"LO_07_0100",127.307841939588,12.5
1,"class",2,"uso humano",NA,"ca",0.0075,"LO_07_0100",127.307841939588,12.5
1,"class",0,"campo sujo",NA,"cpland",28,"LO_07_0100",127.307841939588,12.5
1,"class",2,"uso humano",NA,"cpland",0,"LO_07_0100",127.307841939588,12.5
1,"class",0,"campo sujo",NA,"ed",320,"LO_07_0100",127.307841939588,12.5
1,"class",2,"uso humano",NA,"ed",320,"LO_07_0100",127.307841939588,12.5
1,"class",0,"campo sujo",NA,"pland",88,"LO_07_0100",127.307841939588,12.5
1,"class",2,"uso humano",NA,"pland",12,"LO_07_0100",127.307841939588,12.5
1,"landscape",NA,NA,NA,"shdi",0.36692499127271,"LO_07_0100",127.307841939588,12.5
1,"landscape",NA,NA,NA,"ta",0.0625,"LO_07_0100",127.307841939588,12.5
1,"class",0,"campo sujo",NA,"ai",97.5609756097561,"LO_07_0100",114.577054421451,25
1,"class",2,"uso humano",NA,"ai",93.5483870967742,"LO_07_0100",114.577054421451,25
1,"class",0,"campo sujo",NA,"ca",0.175000000006519,"LO_07_0100",114.577054421451,25
1,"class",2,"uso humano",NA,"ca",0.0500000000018626,"LO_07_0100",114.577054421451,25
1,"class",0,"campo sujo",NA,"cpland",44.4444444444444,"LO_07_0100",114.577054421451,25
1,"class",2,"uso humano",NA,"cpland",4.44444444444444,"LO_07_0100",114.577054421451,25
1,"class",0,"campo sujo",NA,"ed",244.444444437822,"LO_07_0100",114.577054421451,25
1,"class",2,"uso humano",NA,"ed",244.444444437822,"LO_07_0100",114.577054421451,25
1,"class",0,"campo sujo",NA,"pland",77.7777777777778,"LO_07_0100",114.577054421451,25
1,"class",2,"uso humano",NA,"pland",22.2222222222222,"LO_07_0100",114.577054421451,25
1,"landscape",NA,NA,NA,"shdi",0.529706199057654,"LO_07_0100",114.577054421451,25
1,"landscape",NA,NA,NA,"ta",0.225000000008382,"LO_07_0100",114.577054421451,25
1,"class",0,"campo sujo",NA,"ai",98.6636971046771,"LO_07_0100",108.529926068741,50
1,"class",2,"uso humano",NA,"ai",97.2375690607735,"LO_07_0100",108.529926068741,50
1,"class",0,"campo sujo",NA,"ca",0.600000000011176,"LO_07_0100",108.529926068741,50
1,"class",2,"uso humano",NA,"ca",0.252500000004703,"LO_07_0100",108.529926068741,50
1,"class",0,"campo sujo",NA,"cpland",53.6656891495601,"LO_07_0100",108.529926068741,50
1,"class",2,"uso humano",NA,"cpland",18.1818181818182,"LO_07_0100",108.529926068741,50
1,"class",0,"campo sujo",NA,"ed",134.897360701846,"LO_07_0100",108.529926068741,50
1,"class",2,"uso humano",NA,"ed",134.897360701846,"LO_07_0100",108.529926068741,50
1,"class",0,"campo sujo",NA,"pland",70.3812316715542,"LO_07_0100",108.529926068741,50
1,"class",2,"uso humano",NA,"pland",29.6187683284457,"LO_07_0100",108.529926068741,50
1,"landscape",NA,NA,NA,"shdi",0.607599445603033,"LO_07_0100",108.529926068741,50
1,"landscape",NA,NA,NA,"ta",0.852500000015879,"LO_07_0100",108.529926068741,50
1,"class",0,"campo sujo",NA,"ai",98.391674550615,"LO_07_0100",94.1282278334069,100
1,"class",2,"uso humano",NA,"ai",98.3484723369116,"LO_07_0100",94.1282278334069,100
1,"class",0,"campo sujo",NA,"ca",1.38000000003856,"LO_07_0100",94.1282278334069,100
1,"class",2,"uso humano",NA,"ca",1.57750000004407,"LO_07_0100",94.1282278334069,100
1,"class",0,"campo sujo",NA,"cpland",38.0388841927304,"LO_07_0100",94.1282278334069,100
1,"class",2,"uso humano",NA,"cpland",43.7869822485207,"LO_07_0100",94.1282278334069,100
1,"class",0,"campo sujo",NA,"ed",98.0557903615933,"LO_07_0100",94.1282278334069,100
1,"class",2,"uso humano",NA,"ed",98.0557903615933,"LO_07_0100",94.1282278334069,100
1,"class",0,"campo sujo",NA,"pland",46.6610312764159,"LO_07_0100",94.1282278334069,100
1,"class",2,"uso humano",NA,"pland",53.3389687235841,"LO_07_0100",94.1282278334069,100
1,"landscape",NA,NA,NA,"shdi",0.690915777918824,"LO_07_0100",94.1282278334069,100
1,"landscape",NA,NA,NA,"ta",2.95750000008263,"LO_07_0100",94.1282278334069,100
1,"class",2,"uso humano",NA,"ai",100,"LO_07_0300",127.307839510912,12.5
1,"class",2,"uso humano",NA,"ca",0.0625,"LO_07_0300",127.307839510912,12.5
1,"class",2,"uso humano",NA,"cpland",36,"LO_07_0300",127.307839510912,12.5
1,"class",2,"uso humano",NA,"ed",0,"LO_07_0300",127.307839510912,12.5
1,"class",2,"uso humano",NA,"pland",100,"LO_07_0300",127.307839510912,12.5
1,"landscape",NA,NA,NA,"shdi",0,"LO_07_0300",127.307839510912,12.5
1,"landscape",NA,NA,NA,"ta",0.0625,"LO_07_0300",127.307839510912,12.5
1,"class",2,"uso humano",NA,"ai",100,"LO_07_0300",117.123216351232,25
1,"class",2,"uso humano",NA,"ca",0.230000000008568,"LO_07_0300",117.123216351232,25
1,"class",2,"uso humano",NA,"cpland",66.304347826087,"LO_07_0300",117.123216351232,25
1,"class",2,"uso humano",NA,"ed",0,"LO_07_0300",117.123216351232,25
1,"class",2,"uso humano",NA,"pland",100,"LO_07_0300",117.123216351232,25
1,"landscape",NA,NA,NA,"shdi",0,"LO_07_0300",117.123216351232,25
1,"landscape",NA,NA,NA,"ta",0.230000000008568,"LO_07_0300",117.123216351232,25
1,"class",2,"uso humano",NA,"ai",99.6941896024465,"LO_07_0300",110.121286354649,50
1,"class",2,"uso humano",NA,"ca",0.865000000016112,"LO_07_0300",110.121286354649,50
1,"class",2,"uso humano",NA,"cpland",82.9479768786127,"LO_07_0300",110.121286354649,50
1,"class",2,"uso humano",NA,"ed",0,"LO_07_0300",110.121286354649,50
1,"class",2,"uso humano",NA,"pland",100,"LO_07_0300",110.121286354649,50
1,"landscape",NA,NA,NA,"shdi",0,"LO_07_0300",110.121286354649,50
1,"landscape",NA,NA,NA,"ta",0.865000000016112,"LO_07_0300",110.121286354649,50
1,"class",1,"cerrado antropico",NA,"ai",85.8208955223881,"LO_07_0300",105.267672086761,100
1,"class",2,"uso humano",NA,"ai",99.669830788279,"LO_07_0300",105.267672086761,100
1,"class",1,"cerrado antropico",NA,"ca",0.190000000005309,"LO_07_0300",105.267672086761,100
1,"class",2,"uso humano",NA,"ca",3.1175000000871,"LO_07_0300",105.267672086761,100
1,"class",1,"cerrado antropico",NA,"cpland",2.19198790627362,"LO_07_0300",105.267672086761,100
1,"class",2,"uso humano",NA,"cpland",85.6386999244142,"LO_07_0300",105.267672086761,100
1,"class",1,"cerrado antropico",NA,"ed",54.4217687064271,"LO_07_0300",105.267672086761,100
1,"class",2,"uso humano",NA,"ed",54.4217687064271,"LO_07_0300",105.267672086761,100
1,"class",1,"cerrado antropico",NA,"pland",5.74452003023432,"LO_07_0300",105.267672086761,100
1,"class",2,"uso humano",NA,"pland",94.2554799697657,"LO_07_0300",105.267672086761,100
1,"landscape",NA,NA,NA,"shdi",0.219879251700166,"LO_07_0300",105.267672086761,100
1,"landscape",NA,NA,NA,"ta",3.30750000009241,"LO_07_0300",105.267672086761,100
1,"class",1,"cerrado antropico",NA,"ai",100,"LO_07_0500",122.21555764605,12.5
1,"class",1,"cerrado antropico",NA,"ca",0.06,"LO_07_0500",122.21555764605,12.5
1,"class",1,"cerrado antropico",NA,"cpland",37.5,"LO_07_0500",122.21555764605,12.5
1,"class",1,"cerrado antropico",NA,"ed",0,"LO_07_0500",122.21555764605,12.5
1,"class",1,"cerrado antropico",NA,"pland",100,"LO_07_0500",122.21555764605,12.5
1,"landscape",NA,NA,NA,"shdi",0,"LO_07_0500",122.21555764605,12.5
1,"landscape",NA,NA,NA,"ta",0.06,"LO_07_0500",122.21555764605,12.5
1,"class",0,"campo sujo",NA,"ai",93.75,"LO_07_0500",115.850156499546,25
1,"class",1,"cerrado antropico",NA,"ai",98.3739837398374,"LO_07_0500",115.850156499546,25
1,"class",0,"campo sujo",NA,"ca",0.0525000000019558,"LO_07_0500",115.850156499546,25
1,"class",1,"cerrado antropico",NA,"ca",0.175000000006519,"LO_07_0500",115.850156499546,25
1,"class",0,"campo sujo",NA,"cpland",5.49450549450549,"LO_07_0500",115.850156499546,25
1,"class",1,"cerrado antropico",NA,"cpland",46.1538461538462,"LO_07_0500",115.850156499546,25
1,"class",0,"campo sujo",NA,"ed",241.758241751692,"LO_07_0500",115.850156499546,25
1,"class",1,"cerrado antropico",NA,"ed",241.758241751692,"LO_07_0500",115.850156499546,25
1,"class",0,"campo sujo",NA,"pland",23.0769230769231,"LO_07_0500",115.850156499546,25
1,"class",1,"cerrado antropico",NA,"pland",76.9230769230769,"LO_07_0500",115.850156499546,25
1,"landscape",NA,NA,NA,"shdi",0.540204142388861,"LO_07_0500",115.850156499546,25
1,"landscape",NA,NA,NA,"ta",0.227500000008475,"LO_07_0500",115.850156499546,25
1,"class",0,"campo sujo",NA,"ai",93.8888888888889,"LO_07_0500",109.484755874976,50
1,"class",1,"cerrado antropico",NA,"ai",97.3684210526316,"LO_07_0500",109.484755874976,50
1,"class",0,"campo sujo",NA,"ca",0.250000000004657,"LO_07_0500",109.484755874976,50
1,"class",1,"cerrado antropico",NA,"ca",0.610000000011362,"LO_07_0500",109.484755874976,50
1,"class",0,"campo sujo",NA,"cpland",16.5697674418605,"LO_07_0500",109.484755874976,50
1,"class",1,"cerrado antropico",NA,"cpland",52.6162790697674,"LO_07_0500",109.484755874976,50
1,"class",0,"campo sujo",NA,"ed",203.488372090641,"LO_07_0500",109.484755874976,50
1,"class",1,"cerrado antropico",NA,"ed",203.488372090641,"LO_07_0500",109.484755874976,50
1,"class",0,"campo sujo",NA,"pland",29.0697674418605,"LO_07_0500",109.484755874976,50
1,"class",1,"cerrado antropico",NA,"pland",70.9302325581395,"LO_07_0500",109.484755874976,50
1,"landscape",NA,NA,NA,"shdi",0.602775187692147,"LO_07_0500",109.484755874976,50
1,"landscape",NA,NA,NA,"ta",0.860000000016019,"LO_07_0500",109.484755874976,50
1,"class",0,"campo sujo",NA,"ai",95.4140127388535,"LO_07_0500",105.188115735587,100
1,"class",1,"cerrado antropico",NA,"ai",96.8696642003415,"LO_07_0500",105.188115735587,100
1,"class",0,"campo sujo",NA,"ca",1.03250000002885,"LO_07_0500",105.188115735587,100
1,"class",1,"cerrado antropico",NA,"ca",2.27250000006349,"LO_07_0500",105.188115735587,100
1,"class",0,"campo sujo",NA,"cpland",22.9954614220877,"LO_07_0500",105.188115735587,100
1,"class",1,"cerrado antropico",NA,"cpland",56.4296520423601,"LO_07_0500",105.188115735587,100
1,"class",0,"campo sujo",NA,"ed",170.953101359291,"LO_07_0500",105.188115735587,100
1,"class",1,"cerrado antropico",NA,"ed",170.953101359291,"LO_07_0500",105.188115735587,100
1,"class",0,"campo sujo",NA,"pland",31.2405446293495,"LO_07_0500",105.188115735587,100
1,"class",1,"cerrado antropico",NA,"pland",68.7594553706505,"LO_07_0500",105.188115735587,100
1,"landscape",NA,NA,NA,"shdi",0.621011802181499,"LO_07_0500",105.188115735587,100
1,"landscape",NA,NA,NA,"ta",3.30500000009234,"LO_07_0500",105.188115735587,100
1,"class",0,"campo sujo",NA,"ai",92.3076923076923,"LO_07_0700",127.307877887372,12.5
1,"class",1,"cerrado antropico",NA,"ai",95.4545454545455,"LO_07_0700",127.307877887372,12.5
1,"class",0,"campo sujo",NA,"ca",0.025,"LO_07_0700",127.307877887372,12.5
1,"class",1,"cerrado antropico",NA,"ca",0.0375,"LO_07_0700",127.307877887372,12.5
1,"class",0,"campo sujo",NA,"cpland",4,"LO_07_0700",127.307877887372,12.5
1,"class",1,"cerrado antropico",NA,"cpland",12,"LO_07_0700",127.307877887372,12.5
1,"class",0,"campo sujo",NA,"ed",560,"LO_07_0700",127.307877887372,12.5
1,"class",1,"cerrado antropico",NA,"ed",560,"LO_07_0700",127.307877887372,12.5
1,"class",0,"campo sujo",NA,"pland",40,"LO_07_0700",127.307877887372,12.5
1,"class",1,"cerrado antropico",NA,"pland",60,"LO_07_0700",127.307877887372,12.5
1,"landscape",NA,NA,NA,"shdi",0.673011667009257,"LO_07_0700",127.307877887372,12.5
1,"landscape",NA,NA,NA,"ta",0.0625,"LO_07_0700",127.307877887372,12.5
1,"class",0,"campo sujo",NA,"ai",95.9459459459459,"LO_07_0700",117.123234562136,25
1,"class",1,"cerrado antropico",NA,"ai",92.6829268292683,"LO_07_0700",117.123234562136,25
1,"class",0,"campo sujo",NA,"ca",0.110000000004098,"LO_07_0700",117.123234562136,25
1,"class",1,"cerrado antropico",NA,"ca",0.12000000000447,"LO_07_0700",117.123234562136,25
1,"class",0,"campo sujo",NA,"cpland",21.7391304347826,"LO_07_0700",117.123234562136,25
1,"class",1,"cerrado antropico",NA,"cpland",23.9130434782609,"LO_07_0700",117.123234562136,25
1,"class",0,"campo sujo",NA,"ed",369.565217384016,"LO_07_0700",117.123234562136,25
1,"class",1,"cerrado antropico",NA,"ed",369.565217384016,"LO_07_0700",117.123234562136,25
1,"class",0,"campo sujo",NA,"pland",47.8260869565217,"LO_07_0700",117.123234562136,25
1,"class",1,"cerrado antropico",NA,"pland",52.1739130434783,"LO_07_0700",117.123234562136,25
1,"landscape",NA,NA,NA,"shdi",0.692201702962277,"LO_07_0700",117.123234562136,25
1,"landscape",NA,NA,NA,"ta",0.230000000008568,"LO_07_0700",117.123234562136,25
1,"class",0,"campo sujo",NA,"ai",93.5135135135135,"LO_07_0700",85.2962683376245,50
1,"class",1,"cerrado antropico",NA,"ai",97.0394736842105,"LO_07_0700",85.2962683376245,50
1,"class",0,"campo sujo",NA,"ca",0.257500000004796,"LO_07_0700",85.2962683376245,50
1,"class",1,"cerrado antropico",NA,"ca",0.412500000007683,"LO_07_0700",85.2962683376245,50
1,"class",0,"campo sujo",NA,"cpland",21.2686567164179,"LO_07_0700",85.2962683376245,50
1,"class",1,"cerrado antropico",NA,"cpland",44.4029850746269,"LO_07_0700",85.2962683376245,50
1,"class",0,"campo sujo",NA,"ed",246.268656713777,"LO_07_0700",85.2962683376245,50
1,"class",1,"cerrado antropico",NA,"ed",246.268656713777,"LO_07_0700",85.2962683376245,50
1,"class",0,"campo sujo",NA,"pland",38.4328358208955,"LO_07_0700",85.2962683376245,50
1,"class",1,"cerrado antropico",NA,"pland",61.5671641791045,"LO_07_0700",85.2962683376245,50
1,"landscape",NA,NA,NA,"shdi",0.666143364909184,"LO_07_0700",85.2962683376245,50
1,"landscape",NA,NA,NA,"ta",0.67000000001248,"LO_07_0700",85.2962683376245,50
1,"class",0,"campo sujo",NA,"ai",93.0327868852459,"LO_07_0700",68.0301391968616,100
1,"class",1,"cerrado antropico",NA,"ai",94.407158836689,"LO_07_0700",68.0301391968616,100
1,"class",0,"campo sujo",NA,"ca",0.965000000026962,"LO_07_0700",68.0301391968616,100
1,"class",1,"cerrado antropico",NA,"ca",1.17250000003276,"LO_07_0700",68.0301391968616,100
1,"class",0,"campo sujo",NA,"cpland",29.8245614035088,"LO_07_0700",68.0301391968616,100
1,"class",1,"cerrado antropico",NA,"cpland",40,"LO_07_0700",68.0301391968616,100
1,"class",0,"campo sujo",NA,"ed",278.362573095951,"LO_07_0700",68.0301391968616,100
1,"class",1,"cerrado antropico",NA,"ed",278.362573095951,"LO_07_0700",68.0301391968616,100
1,"class",0,"campo sujo",NA,"pland",45.1461988304094,"LO_07_0700",68.0301391968616,100
1,"class",1,"cerrado antropico",NA,"pland",54.8538011695906,"LO_07_0700",68.0301391968616,100
1,"landscape",NA,NA,NA,"shdi",0.688427874767486,"LO_07_0700",68.0301391968616,100
1,"landscape",NA,NA,NA,"ta",2.13750000005972,"LO_07_0700",68.0301391968616,100
1,"class",2,"uso humano",NA,"ai",100,"LO_09_0300",122.215517421135,12.5
1,"class",2,"uso humano",NA,"ca",0.06,"LO_09_0300",122.215517421135,12.5
1,"class",2,"uso humano",NA,"cpland",37.5,"LO_09_0300",122.215517421135,12.5
1,"class",2,"uso humano",NA,"ed",0,"LO_09_0300",122.215517421135,12.5
1,"class",2,"uso humano",NA,"pland",100,"LO_09_0300",122.215517421135,12.5
1,"landscape",NA,NA,NA,"shdi",0,"LO_09_0300",122.215517421135,12.5
1,"landscape",NA,NA,NA,"ta",0.06,"LO_09_0300",122.215517421135,12.5
1,"class",2,"uso humano",NA,"ai",100,"LO_09_0300",117.123210869493,25
1,"class",2,"uso humano",NA,"ca",0.230000000008568,"LO_09_0300",117.123210869493,25
1,"class",2,"uso humano",NA,"cpland",67.3913043478261,"LO_09_0300",117.123210869493,25
1,"class",2,"uso humano",NA,"ed",0,"LO_09_0300",117.123210869493,25
1,"class",2,"uso humano",NA,"pland",100,"LO_09_0300",117.123210869493,25
1,"landscape",NA,NA,NA,"shdi",0,"LO_09_0300",117.123210869493,25
1,"landscape",NA,NA,NA,"ta",0.230000000008568,"LO_09_0300",117.123210869493,25
1,"class",2,"uso humano",NA,"ai",99.6913580246914,"LO_09_0300",109.16647473552,50
1,"class",2,"uso humano",NA,"ca",0.857500000015972,"LO_09_0300",109.16647473552,50
1,"class",2,"uso humano",NA,"cpland",83.0903790087464,"LO_09_0300",109.16647473552,50
1,"class",2,"uso humano",NA,"ed",0,"LO_09_0300",109.16647473552,50
1,"class",2,"uso humano",NA,"pland",100,"LO_09_0300",109.16647473552,50
1,"landscape",NA,NA,NA,"shdi",0,"LO_09_0300",109.16647473552,50
1,"landscape",NA,NA,NA,"ta",0.857500000015972,"LO_09_0300",109.16647473552,50
1,"class",0,"campo sujo",NA,"ai",81.9672131147541,"LO_09_0300",105.426807492086,100
1,"class",1,"cerrado antropico",NA,"ai",81.1764705882353,"LO_09_0300",105.426807492086,100
1,"class",2,"uso humano",NA,"ai",99.5608256477822,"LO_09_0300",105.426807492086,100
1,"class",0,"campo sujo",NA,"ca",0.255000000007125,"LO_09_0300",105.426807492086,100
1,"class",1,"cerrado antropico",NA,"ca",0.125000000003492,"LO_09_0300",105.426807492086,100
1,"class",2,"uso humano",NA,"ca",2.93250000008193,"LO_09_0300",105.426807492086,100
1,"class",0,"campo sujo",NA,"cpland",2.26415094339623,"LO_09_0300",105.426807492086,100
1,"class",1,"cerrado antropico",NA,"cpland",0.754716981132075,"LO_09_0300",105.426807492086,100
1,"class",2,"uso humano",NA,"cpland",79.7735849056604,"LO_09_0300",105.426807492086,100
1,"class",0,"campo sujo",NA,"ed",113.207547168293,"LO_09_0300",105.426807492086,100
1,"class",1,"cerrado antropico",NA,"ed",49.8113207539157,"LO_09_0300",105.426807492086,100
1,"class",2,"uso humano",NA,"ed",90.566037734626,"LO_09_0300",105.426807492086,100
1,"class",0,"campo sujo",NA,"pland",7.69811320754717,"LO_09_0300",105.426807492086,100
1,"class",1,"cerrado antropico",NA,"pland",3.77358490566038,"LO_09_0300",105.426807492086,100
1,"class",2,"uso humano",NA,"pland",88.5283018867924,"LO_09_0300",105.426807492086,100
1,"landscape",NA,NA,NA,"shdi",0.42893033487547,"LO_09_0300",105.426807492086,100
1,"landscape",NA,NA,NA,"ta",3.31250000009255,"LO_09_0300",105.426807492086,100
1,"class",2,"uso humano",NA,"ai",100,"extra_01_CA",127.307853110097,12.5
1,"class",2,"uso humano",NA,"ca",0.0625,"extra_01_CA",127.307853110097,12.5
1,"class",2,"uso humano",NA,"cpland",36,"extra_01_CA",127.307853110097,12.5
1,"class",2,"uso humano",NA,"ed",0,"extra_01_CA",127.307853110097,12.5
1,"class",2,"uso humano",NA,"pland",100,"extra_01_CA",127.307853110097,12.5
1,"landscape",NA,NA,NA,"shdi",0,"extra_01_CA",127.307853110097,12.5
1,"landscape",NA,NA,NA,"ta",0.0625,"extra_01_CA",127.307853110097,12.5
1,"class",2,"uso humano",NA,"ai",100,"extra_01_CA",117.123203578637,25
1,"class",2,"uso humano",NA,"ca",0.230000000008568,"extra_01_CA",117.123203578637,25
1,"class",2,"uso humano",NA,"cpland",66.304347826087,"extra_01_CA",117.123203578637,25
1,"class",2,"uso humano",NA,"ed",0,"extra_01_CA",117.123203578637,25
1,"class",2,"uso humano",NA,"pland",100,"extra_01_CA",117.123203578637,25
1,"landscape",NA,NA,NA,"shdi",0,"extra_01_CA",117.123203578637,25
1,"landscape",NA,NA,NA,"ta",0.230000000008568,"extra_01_CA",117.123203578637,25
1,"class",2,"uso humano",NA,"ai",99.6941896024465,"extra_01_CA",110.121282290058,50
1,"class",2,"uso humano",NA,"ca",0.865000000016112,"extra_01_CA",110.121282290058,50
1,"class",2,"uso humano",NA,"cpland",82.9479768786127,"extra_01_CA",110.121282290058,50
1,"class",2,"uso humano",NA,"ed",0,"extra_01_CA",110.121282290058,50
1,"class",2,"uso humano",NA,"pland",100,"extra_01_CA",110.121282290058,50
1,"landscape",NA,NA,NA,"shdi",0,"extra_01_CA",110.121282290058,50
1,"landscape",NA,NA,NA,"ta",0.865000000016112,"extra_01_CA",110.121282290058,50
1,"class",1,"cerrado antropico",NA,"ai",96.969696969697,"extra_01_CA",105.267671715148,100
1,"class",2,"uso humano",NA,"ai",99.4226804123711,"extra_01_CA",105.267671715148,100
1,"class",1,"cerrado antropico",NA,"ca",0.187500000005239,"extra_01_CA",105.267671715148,100
1,"class",2,"uso humano",NA,"ca",3.12000000008717,"extra_01_CA",105.267671715148,100
1,"class",1,"cerrado antropico",NA,"cpland",3.32577475434618,"extra_01_CA",105.267671715148,100
1,"class",2,"uso humano",NA,"cpland",85.2607709750567,"extra_01_CA",105.267671715148,100
1,"class",1,"cerrado antropico",NA,"ed",40.8163265300209,"extra_01_CA",105.267671715148,100
1,"class",2,"uso humano",NA,"ed",40.8163265300209,"extra_01_CA",105.267671715148,100
1,"class",1,"cerrado antropico",NA,"pland",5.66893424036281,"extra_01_CA",105.267671715148,100
1,"class",2,"uso humano",NA,"pland",94.3310657596372,"extra_01_CA",105.267671715148,100
1,"landscape",NA,NA,NA,"shdi",0.217759243042332,"extra_01_CA",105.267671715148,100
1,"landscape",NA,NA,NA,"ta",3.30750000009241,"extra_01_CA",105.267671715148,100
